TransactionHash,From,BlockTimeStamp
0xf2ef606209d4047f818ed76dc01b83dbe51db8eb291e04ba70b804d891504c61,0xd2d58f785ea44dec2d3443cae65fb2ad66a2f67f,1652643933
0x6f7132d998de6ead858df7dc87c3fb7653c0d495e508040207a7dc2bd8b18e4a,0x97bc804279a2be74efacbdef4dbe61cfc0751f70,1652643933
0x11e9e1406b93ad774165818ab5845442bfb2dcd03959544fc25196c9faf6c345,0x1c233e5a2ec7ccd89728ed82f6ae72f17c4afd34,1652643889
0x911b6695e2c1c6cab4ad6bbc1d08c0a5172638ddad1b04e99f77e932ec191d90,0xe2952771c80d9b9c77a32e47d985bb3ff4e5a93d,1652643861
0x6afb4b6068eac9b2cd67528299d3883b3d80d16276ad1eb88b4bd4e99e49bb27,0x409d3932422cedb88ce429044250ed7717e96e7c,1652643745
0x56a60b085df9706b06ad110a3dc2bb38eadda405c86e0811a068cb04bcd6991a,0xd2d58f785ea44dec2d3443cae65fb2ad66a2f67f,1652643712
0x1b02a391b048527b74fe6f86244de5e40fe92bda447518b4d1762adb3dc55dec,0x79c3e234b5eb02bd5a1853e20fd28f84e30fcb1c,1652643662
0x823fd0cc6552636a095bce755fc5eb86534c92bc1c1d27eb16879da63aa28c67,0x661e6111844f9e63c9c9f64ae285fbf771b753a7,1652643632
0xb2545ea5ef6d1adcc29c0ea1adb1ad18a0da85fbf63ab3b7c6400c647ab2737f,0xba0ea081ed3cd5660bedb75b6c288a5a62928a74,1652643594
0x8b55707ac1ae3610200cc168b69ead6a275ade97ad0d6668a843371715d5a387,0xcc44a545d54ea944d29bb29914ba754f872d44bb,1652643541
0x2355f2ddda1a34a16e6665faa984bc10b2e65eee2d76dc83a19cf626d2f7d5bd,0x7ac50addeca2a09ed01cc6237c2f6734f691fd0c,1652643485
0xfdb7bdae976fc69f661820b0d9692b230cf390a4a1f5247fbb7fe9d3c65de600,0x1246d5d68098e77f047d995396756f4772467be7,1652643362
0xd734e5f75e773e8b63917d34d055e07dfad84654c31ed207d8456b5e21503175,0x1246d5d68098e77f047d995396756f4772467be7,1652643332
0x8b8ce8c58e4698820e61ff5cb680a77abd5637985a2d64d342744f97cc087aa6,0x0ebfd95fb8f5b78878491c06e9f8ad1a495ea51d,1652643290
0x5b30ff811cf04aac72f2ba22f0b298d617ed2e1f427852e7bd5728a1fa757276,0x0ebfd95fb8f5b78878491c06e9f8ad1a495ea51d,1652643205
0xac4a82c79c69f400272c246ff5c5461c3cb269a6184a4a40f94d15537ecebac2,0x989ad8e2aae99393585342ba94931f7de5e5a96f,1652643147
0x4c1f27c793bf6b50435df8ee34aa2b8daa63412d81d71ea3cd71eb64dfc44a88,0xf4844a06d4f995c4c03195afcb5aa59dcbb5b4fc,1652643026
0x4971cc25bcd742f994b5efeeeb3183b4ba5404912856b798a47847e4d1019f9c,0xa94586fbb5b736a3f6af31f84eecc7677d2e7f84,1652643014
0xd61000473e79ced7f46c28ea0a2d9be6f5274e29de64c1475bf37701b29a5cb8,0x0ebfd95fb8f5b78878491c06e9f8ad1a495ea51d,1652642990
0x2b6e490e985845d869173a20f893d3c3d36923a58f7771d6f9c73bf3bd17e8ad,0xb602d49a76d99cab5744fd0cfc172d2cdf933752,1652642924
0x07e565bdc47bea93c13a7b2a68740f48e150bf89f96816ffb931993d2a7c9beb,0xb602d49a76d99cab5744fd0cfc172d2cdf933752,1652642864
0xbd7bdc49f421d1e8295cb30bb6dfd4d6c8ff34b029fc413a3cbf808c5c84ac30,0x7404becad09351583443720f8f520f689e93359e,1652642847
0x806d67f4e87cc03162ff7c88ee6af7ebfcbad0333f1abb51bb827b901841c5f6,0x7404becad09351583443720f8f520f689e93359e,1652642847
0xb5590e398d31b21abbdd57a78d056e97cb73bc40af24c2c6978ff8e927ff5d3e,0xbf1978c0bd17fd99a0f4838feb0cdbdf8dcfae9b,1652642796
0x6d2420d4b3bc1691632d3aee54cb61863faaa56a96ce562db7e88f519afb9920,0xe7a8a504a82f0a829656261a54d0443f85e19604,1652642640
0xba0dac14c9d96958b144f042c59db090de2f1a4eba973a3c035b9e7ee876f7b6,0x4a95c383d2cdfe597f477dff55d1f86dfd5306e3,1652642580
0xc7697ea69f2c53b6186cfab4e104218f6ce5ef31326fdb8a2fecb3846fbaff4d,0x0597433ed2970fef8976e106e77db2e996f5a353,1652642558
0xe6a083e15096d97f7d8cad5c1abd805f48a8e778ffb08eb21fcf97d1def88774,0x0597433ed2970fef8976e106e77db2e996f5a353,1652642492
0xb86c013081d7630aad1d829b81047b7b1fb0fdb9cce133f14cf1ad2a0e2e8520,0x324597ba077df37fd4761e0db96e8d6f85300b85,1652642432
0x22a2f7bff9d540a783012f8cb7b1abf7ab3e42a59b18e2783c4c7d6c0a9ffb1e,0x09bbb45c30d3fbd1c8a8155bf26be92840bc316c,1652642384
0xbaa403f9d71355c75136617666e30cdb3326d9e49bc71c4e0b98e671f0fa1de5,0x582faa614d9fecf211580e3769b6815dddafe1dd,1652642354
0x42b5f293ffc965590e2694c289502c6c8cbc362ee86dfd68475a9c3c2ae0922b,0xb2d8d2820d21400131eecc65c7dd582ef903a979,1652642330
0x5e9bad3fc019d5056a121529e8dfff71eb5e71815f407855b3166a9b9b51ba2d,0x1246d5d68098e77f047d995396756f4772467be7,1652642281
0x73c79e0976bc2b71917fbb816f13e5cc34d9e9161d3446866f6424e8079b6816,0x6565800ee7a567baf9d75fd77c76bd924d2e1f0f,1652642262
0x27a5ec1e1220df74c044806c33be018887cdb6293d2830c1142cd9c28c3f1bc2,0x1246d5d68098e77f047d995396756f4772467be7,1652642260
0x34dd066fbd771a2d8c70b99d3479c486a7be648301e398ef1d9b09e56f4f7f4b,0x324597ba077df37fd4761e0db96e8d6f85300b85,1652642219
0x037741cdd2e089adf0a9ac72d59ead0a519ffd3fbeca101d9d0b6c5ecd26b756,0xf18124581a86d11436684b0124a46efa935a3510,1652642078
0x756382ee22a33121eec3c793124d0e261ad2b465e146634f29ab1a4637e26d7b,0x1fa1387ad3b74f0ed8d5312e22906f38bc71f9b0,1652642016
0x9e1d474d7fea3f6b3f267af8dc6a4789e4d86733a19d39f0e66a5ca35e687336,0xe0c7adf301831c61b0a3fb8753cf4f2ecc5ff469,1652641557
0xfc7a851ff17eec000fe7aa5be9365c3f154588891e1ddc7c139df522f2e38604,0x65066a8b34c78b5270dacfce17e2d95ed8c6dd50,1652641375
0x354fbae7b60f38253c58154e726fd987e8c0d798f3458b3d5241af567dcd335c,0x71b278042bff0537cbac1d5cf2197bd8f4f79eef,1652641358
0x4bee4fae8aa45e2488d24f6b5a8808399520d74e49a38d5fbcb243055476407d,0xc66b39e2b70ac5664f84c0651e180ab52844c846,1652641228
0x9bf68f2837548cefb11884d26517f84bda2e5ed7f95d6065f51ae026426f2618,0x0910be15fc3574ade2072134e54bdcea1072423e,1652641200
0xd83ade6975d6c23bf8798b17081d992f66e94db6bb015a0afb6cfd49695002a7,0x81ba37e9c266b5fc3f9eaf7c5617d366bf3e133a,1652641190
0x333dc775666a202526bd4e86dcb2d62e6a0ba4eb097016dff12af5c1043630a6,0xb394f1aa30ba874df3ae6097bf4c2474b2d8f3ac,1652641061
0x2ba5ad16892cdc165b92c24d550918f75668bb04a5bb4da027276aa871d04e83,0x4954c56c0fda0a30fb88c85a82aa6b3faadc5d1c,1652641061
0x42580ef7372c0c6667dfa8f0035469f69d61c9569180846b1f6ee847a33e11ce,0x1388490ca722a45e4203c840c614f23f6f6174f5,1652640939
0x1e9890a2ef286df290298b1d6631840106c7de3758276cca130f279376608654,0xd169b22b51f38c205a8f81bc72987a71d485a37f,1652640895
0xa817fbe5cb80c9c3acbcfad4ac9ddc0d625294e5300d52eec08c2c6d77daf258,0xd65e9a501ff9808c8ca087632a188fd5f7b4e2a2,1652640868
0x698ba7c669c1b5abb27ee72a562f1eab9c1f4ff8baaba2d3fceef9cb8c2d036d,0xd7ee901beea1167802876b3e69d82b1e4ed6d1f9,1652640852
0x5f00ea02f4b533ce62fec4aca284f8760dceaa3ab3b11715af4368081cb20b2b,0xf4adb9ba51fde3eaee89ce9a60e99992611849fd,1652640852
0xa390b00f74b8bc902521dd2d6d9f4d045c2674715173b50394e941812372c28d,0xf6fb18a20e58b9df63e844280bbc48acebf4d98f,1652640839
0x5eaec2b374bca1f5ec93d1dff7652d67bc01723528acf34c749e2dc447c9295b,0x7b1ca66625e0bf64d2d6a5acec13daec15635fac,1652640833
0x94baf6023174303af6e00c18a8156d61ddfd6a8d1fe94becd63d4ff084fcd21d,0x55a9649b982cd9e6488e6ad5a60a9b7345962e04,1652640833
0x0f76b276c725fb7e5d5bafe3a2d432fa5aca5a32f3c897bf6418ce46741ec4a6,0x88dda000a73cb5ae14ee0268dd11ed00cd282def,1652640791
0x8c7eb665a598219cd8940bdd9341bc587ef91c46226961a00d5ec27d14f8953f,0x8410373df6e9b20765c9599c26d585b2cd0ef628,1652640766
0xc2ae1836580c83296241e5cf998314ca477a752a44af5df27a83383c98aff048,0xb394f1aa30ba874df3ae6097bf4c2474b2d8f3ac,1652640737
0xb8b9644c0695676971e03b5fc772d3437d550855d78f11546082a01d1f300319,0x2372e0707dffbafa66293692d8d0db0ea18f0c93,1652640714
0x356d76b9a66a3854c2b6021ac5c548ce8aa242748a8c345b878d7daa073bff9b,0x67143c968fc395f46f488c8ed0a5c9e4cf3491be,1652640693
0x96393ddd04c6f26be120e041a12f3fec6c1bd14d27bdbdf7a5d85d27fd1949d1,0x95693207b6991644d5cfb7e95f87e54a53faa2d2,1652640693
0xaae8c981d5985dcc6177487a7382844f94225de629031fedb23499f8cfdc4c1d,0xf4adb9ba51fde3eaee89ce9a60e99992611849fd,1652640693
0xb2c680ca6371bec5ad5fd7e52d849930f6fe3e91f0ebf0e469122174948db36a,0x88dda000a73cb5ae14ee0268dd11ed00cd282def,1652640666
0xe5d041c9889e551501eaa1b02b691839028e4c73ce643f3301eb04dc30337047,0x989ad8e2aae99393585342ba94931f7de5e5a96f,1652640666
0x545af754dcad09d0154d4eb04a78cad737cecfe8d90edcdb4d4cdd2e6408b47b,0x8d9c6b0018bfec1de4d241dc3190f2aa105fbc8a,1652640573
0xa7dca0f739695b3011700321f3635efbe345cc53057193a2ff69980887fb3a9f,0x8410373df6e9b20765c9599c26d585b2cd0ef628,1652640458
0x7e5207888c87ab69944a9ff07cc345ad04587182fa3c2f5862936b34c52a6a2e,0x30e66a12987e47bb02091e2c3e04d36947bde160,1652640391
0xf24bd6088a0f89bce53689a1993e1f6ddedc8d5387bb531c12fcc40d70b5276c,0x5476ba1cc9936ec20a4f8b7ba198593c871b8330,1652640317
0x17f81e7e6b5064802ea579d36198ad0d1d43b498a9ed02bb0a0eddc757ed36b8,0x30e66a12987e47bb02091e2c3e04d36947bde160,1652640292
0x373204d8b0c94076c9953b523220419fef383550479f5da2703a00e172cb1c17,0x281a9d3ba7de5d63961e1d8c5466c82368b2de64,1652640292
0x32e53348c518cde05ac77c272595ae5bd47d591f87ac77896a23d179473595e8,0xa367396df1b65f0800114eecef7b4d7a7ea98baa,1652640251
0x6eeae36d5dc239a8d374ee7b655368e68eb5b8645c0eb29fc119cfdfcc0e5d35,0x88dda000a73cb5ae14ee0268dd11ed00cd282def,1652640251
0x7ffc5b4ffb59dc0f8f44a5f7695b0021555c32cd93ae59d621b6aed2ef2c74ff,0xe4dabf0386d0439893188a96774939f652a1fc7a,1652640245
0xbdd0004d46f22e20ef9927693f458aefdd1936ee0b907e7f8f0e1b1ae7ea74c7,0x34f2ac0dd90b768b382e981e50312333a7a1a69d,1652640209
0xabefb251aaf839e3c48a90fa9ba73e4be96caffb536b35ef6309eb1da0c9c840,0xc5e4f878ec7849805523fbce2596f251c4873818,1652640189
0x3d108105a0d1a2b167181dbe09d82a55ba6ff903bec94de4353df1e26d7bd66d,0xc5e4f878ec7849805523fbce2596f251c4873818,1652639934
0xbda2ca922a579a3d68a436a504b4f7b595ac167666c55716e37ae69849222920,0xba0ea081ed3cd5660bedb75b6c288a5a62928a74,1652639885
0x19e30c8b692f7ff272df627c5803ab311ce85ce12879f92f442ba64600bf3ed5,0xacd41dec7efda46bde8e4bc512941f9216b98be8,1652639876
0x81e590bfd440ddaa8cbf3d2c253a7ed478432b145bcdcdf91fd96033c4062a7b,0x3b96f42780993619e4b47b30387debbc98934220,1652639838
0x16d1235518b2fd18dc804249fa11867a035fd0112a0976b8cd8b17a2f21cc5a1,0x7b1ca66625e0bf64d2d6a5acec13daec15635fac,1652639793
0x4fe604804d0ae078792fa91c6ed4faf0d33cdb7072ffa6ad324d25680d9e7706,0x0d30e8aab98ae829b32146484d9451e2d4cc4c46,1652639754
0x273cffb1c53cd2ea86c4b38c8508106b0d35536af8e9bc8764f67b651a580cde,0xacd41dec7efda46bde8e4bc512941f9216b98be8,1652639752
0x815f2b015b83f1a5b509b77072650a0bf0825bbaa60eb32de15611ec11a597f4,0x95693207b6991644d5cfb7e95f87e54a53faa2d2,1652639752
0xce661f9f40340c362ac9ad60ec7a11d36d7f19f63e68bf0e7c4f8f9d2b999e53,0x07bd7fc53a1d9a14fd9b8c447b8e4811257a9f68,1652639706
0xefed403912a737eec07711e4a23f540185f91517f48d166228a8a209c12b9f44,0x3b96f42780993619e4b47b30387debbc98934220,1652639564
0xd0cd67f3b66c092650d2005e40dc3be65fd642019d83f8d252338be3906ec6e2,0x5476ba1cc9936ec20a4f8b7ba198593c871b8330,1652639522
0x6e51cfdc81a1d8153eea2b7cc6375202ebde3979b770cd0094d2135161c638ed,0x989ad8e2aae99393585342ba94931f7de5e5a96f,1652639496
0x82c7b711e652b5e48053322528d143c3563c0c34cb8321aced879995b955e2b4,0xa367396df1b65f0800114eecef7b4d7a7ea98baa,1652639428
0x626ae2dbcc2042c7c4c0a94336b99ab9420d73e9e8ebedfa97b9a0d5ed62d80c,0xb800adfc068340040243ddc374001985c16c5481,1652639428
0xc8dbdc04a74ee6a90f90bf986a3a622d42fae77ebb95a67e4e7bfdc607c6223a,0xacd41dec7efda46bde8e4bc512941f9216b98be8,1652639418
0xcac6b2e8e289eed6a0280bc437e50518aece732d84b0c88df56607b621cad473,0x29e5f2b2f0f05dc05ee300fcd6b0435651864e71,1652639418
0xe5c60dfb0bae24fd3774d49f527bce3baf527c5ec127cbfaf0e085cdfe52ced2,0x82e74eadc12f951ee25efa7346d8d5ff934a1d4f,1652639319
0xb0109ea17b224c0e4b65660b8ef9341331982b9b361926a5861dce0262ea365a,0xd65e9a501ff9808c8ca087632a188fd5f7b4e2a2,1652639306
0xabbf603e1753da0944ec62a3d33877120a3bbbd9afed9cd50a1884d0755f9841,0xf540467a6d76b4133be6f764d517e24d68511cbc,1652639256
0x90538b57a7fc90f8f5344fb62c85afcaa51018b52b834c5e63b750b171964b27,0xde7d4843000f029cacfb1660f22249fd8be0b57e,1652639208
0x572be6c28128c60d56955da280b0f339ca1bf08e68a862e384319096887dc347,0xe76be9c1e10910d6bc6b63d8031729747910c2f6,1652639208
0x67db86183e5db9238792b661999e0a7c9de631924d61918c63ece02ecccd2b3c,0x281a9d3ba7de5d63961e1d8c5466c82368b2de64,1652639203
0x4638a728a89ffd4d74bca6bb2a2d48892fb146666ed53088385607df4616d056,0x07bd7fc53a1d9a14fd9b8c447b8e4811257a9f68,1652639116
0xd69b3d40c5811647bbafad0242546368237617c9c80b8245611f6d9248c9d29a,0xde7d4843000f029cacfb1660f22249fd8be0b57e,1652639019
0xd1b4ac3dde56594725cb7cbb457caf1f66ca3c23ed8930e872ff7e036436a025,0x82e74eadc12f951ee25efa7346d8d5ff934a1d4f,1652638988
0xe6bec8da4aa52fc58f76ced1a5e5cdb7a980c6a8fb863030f1d99a216a027c53,0x51fb1a5ca165c37e3627b435c1982953746b8662,1652638943
0x97240ee3f643949dbe51a902a9e0eed54af1e4b07bc22e0fcef65ef898963ca9,0x4a7016c0b1edb6e3a28038b361cb59f1f0592d02,1652638916
0x297e23a36cde267af7fe3d29b40ab37f255931bcbe4b657134ecca6e56e6c55c,0xe76be9c1e10910d6bc6b63d8031729747910c2f6,1652638915
0x26cdfb955b65ad74fe4b2f5b6ccee4d95e74222704779636b5165796b8fc23fa,0xa0eac5d90be5e6346b22895a207d49fbe9711447,1652638768
0x12b9b77125b95f8bcb3a2e3a21fed94604a4d335aa1a1d6391bc1dbe376645fd,0xb5893a338ce1e5304732d223c703a65125765be2,1652638677
0x49bc7ac0af8de70acf13cc514ecf9d88e280f2437d377a539203aca2f1299084,0xe76be9c1e10910d6bc6b63d8031729747910c2f6,1652638675
0x45c181f5a712ae3d4b07a7e8d4fef8c0ee1adadf465f5ce6683503f7f12dbba0,0x0910be15fc3574ade2072134e54bdcea1072423e,1652638675
0x6ff3b41ace775e1bf15de5096830d2d5b9aafbe231dcfaf1c12665a9dfa420ca,0xb5893a338ce1e5304732d223c703a65125765be2,1652638641
0x4d33cbee3bd21c99aa2276dde877d0c5965782fee6fc24f18fdf0638ac114673,0x16d1663a00d4d1a216e0baa84b0abc69ba35c156,1652638401
0x3ad5d58c281c3b167df9669007ac9a934d353a16fddace4dd880ff23f9a933bc,0x16d1663a00d4d1a216e0baa84b0abc69ba35c156,1652638359
0x9f1fa2cdf2509b731a86b784fd1bb1b6469c50451dd55db1077eef44d843a3fa,0xbe432c6abe30aed28764b6075c1d6680ce97b539,1652638359
0xb5d3f86e5ac033a1b9d3c425b60d832b5006f68039a1cc14a0672f09db5e042e,0x16d1663a00d4d1a216e0baa84b0abc69ba35c156,1652638357
0xb565309aeb3934d4a644be19d98abc226e628e3d094220b4c5941b64158b0aa7,0x7b0c025529f5e5f158fd1278415eb156ed01e9d1,1652638328
0xac3754f613b33ce1baccbd1a885edeaf34ad0f909a4c5ea1319334ec41995f09,0x16d1663a00d4d1a216e0baa84b0abc69ba35c156,1652638262
0xcc5d868958b906c3be5f86c96ed6071105bee743d558f244d2f6039e889243f1,0xd730cd62cda9cfdc109be2d819b0337fafdca959,1652638148
0xf6397ca7df1570f094db813108add9c5e49de5813508720c5a16b3ad5741f95f,0x474a7a16daa23f28245ba6892c5d0cf9f1084d19,1652638098
0x781f93a9d274b367f73d099eff3ac153eda72340790597142c1b1d5482eac374,0x7de9d8b186aeb6616488122a297f4141dd57248c,1652638098
0xc8253e287bca6f0cb486c56beaec8e47d248fab9d44adae39e40de8b986695b5,0x5794d36de0c21211a7906688981371132bd7c6f0,1652638080
0x2e87e8771cb36dd85304184e00397ef3217c4a02a1e33e825af071412f07702b,0x65c28649a3de147cfcfd5454ee22066dfdd8d92a,1652637967
0xcc886a33f04a71d2ceacdff5d01e2eb0d8c01e734b5db60b37df9e8be9b1ff33,0xd30ce5186e87912c3f55f22983073d76604ffe9c,1652637939
0xf724db8b35959f131dbb9cfb6bdf263a50b5a31d0a7d95ae78649d8937458d0c,0x7b0c025529f5e5f158fd1278415eb156ed01e9d1,1652637925
0x1d15e28dac69d882f215f72a2e019729b0ede077f34e32f1678eceb09382d928,0x5ca0348dbd1ddce5af0dd60ecb9eb76b620383ad,1652637848
0x819d2c1c0ebab1c345ce7abc1d087e60870b0719942d5ed4a316763295b1a486,0x7b0c025529f5e5f158fd1278415eb156ed01e9d1,1652637834
0x4df723a83b3b5f2eb96e211003e5677bb85f647f6ca236c489545b00d5da543c,0x65c28649a3de147cfcfd5454ee22066dfdd8d92a,1652637738
0xd282330f9e9347a364077aa36c5fc4936872513ef0650c43c36a7e2f8fa153b4,0xd0d9597369fc67b9eb2703d6e9ce5fac0a77f33b,1652637640
0xf77328f6b5a175a983018c17251246219b6f51b1635ff6463e5ef24439531d8b,0xd0d9597369fc67b9eb2703d6e9ce5fac0a77f33b,1652637469
0x0aba12db387ec49b5a0aba15303043c8681729f082ade5033ca7605361906a23,0x9647a2d17abeac666c8ba0b227ab72dfd4bda22a,1652637430
0x6287a0cef57953a0aa66df7bbb6ef0bd350ddced5fceba0f1c6df9c07964b515,0x273f49d9f4bfa91c003135b327152932a16ce42f,1652637427
0xae8afb894aff577fdb5133de6ee14e19b60a445c42fb75464e91d6b9d370d732,0xd9db956f1a00d56736024679e929d71bfb8e3ffc,1652637422
0xd0b4033a281dfb66a97627fa6b1852e8a7d3820285edc11e6a1712e0e9745481,0xe8d8a4d1b1f5822d3477b8160533990731641aad,1652637360
0x84651da26721fd4cca38b6858aaacdb23235d06dc7721590bc4bce4a1315c13b,0xd730cd62cda9cfdc109be2d819b0337fafdca959,1652637348
0x9417bc7f3af6da9d41bf5d5e96033adf01df4d733fa46400f64009e69b93acb4,0xa8e878c77b4ddd628408fcc7e1d34a3c47a0d10e,1652637316
0xda48f8b519b1051bf48ed4a2015f7038bfa6d608017f944f4235170a69393224,0x9eb8df6ff4841e6bca69b8e72cf5f88d4e4d175a,1652637253
0x02b56f75886033c5acc235e45903a75546fb4e6dc34d6c9329930a52c6090380,0xdf910f416cfae91fa41b274770868079ca5502f3,1652637253
0x1c2f8ac45f42cf79dc209e69a28955a0e15eebd9889da244713c9f882465aea9,0xe8d8a4d1b1f5822d3477b8160533990731641aad,1652637147
0x0ade97c357708fbee3dffceb1142df80a712cf0799a22bb764be3b4320247337,0x1246d5d68098e77f047d995396756f4772467be7,1652637147
0x76344c6c7ca5b615e32381730485717cd4c2560d3e71ad0df37dbd14b5f94aa0,0x202299e30be73ada07071eab447a6d7a7aaa509a,1652637093
0x0aad11bb1c00107dec072d7ac33dd1a6dccaa072f1b8b5bc6692721105825a94,0x1246d5d68098e77f047d995396756f4772467be7,1652637054
0x7a9bb0f9cda14520b43ab27011e2cc402489bddbac2ea47a850ab24358c13e23,0x202299e30be73ada07071eab447a6d7a7aaa509a,1652637038
0x90b58c726ce61dccda2c4be6b7c9ac1a4dca8461b0ece8d36d083cf6c70e69f9,0xa129d5436fb797ff1d9c11b5f9d3ab0e27dd34b5,1652636905
0x82e54f7c86047adf78cf8f33f3f1c50f019d9d45745307719d23d7343e73ce47,0x66109b3b6348d1df6bf1f8d998e527b967f682ea,1652636881
0x55c5849703c458e99e9f165b004ce20b66e60edaa846c022861b120ba210f13f,0xfd7d9173403efd29f6b0b576217a59fd426170b8,1652636881
0x9e3551cd1da18d01765564e9784b7527c52a859b69886ea9ed3d3691b7fd5615,0xee33d688fe27a3a754435c50f8a12654d5327a16,1652636876
0xdadebf09aea9172b31a7f1934498bce5dab704aeda7436c3413b4e0e9dca5217,0x8a36c41e2b7d0ee24668729d08543ab77a99dced,1652636868
0x0afcfb5a4b7744ddbaf781a3a857c5b89f1c18970acf0de77923d39660173864,0x3b174445371dd00fb766357f29118ac6a0aeec1c,1652636840
0x688f6406ff47e25e7b85ed70224c55fa3bf55266340c953998355856608644c9,0x1cd1a6c4570c039368f5456aa82574af6567e6f6,1652636840
0x25e7afcf1d4e54c355282f9a9c6e6e2593adc2409c1c3dea1533f98f89ec1854,0x13ca2cf84365bd2daffd4a7e364ea11388607c37,1652636816
0xeae0850db942465d6ed3246d24aeed5aa81db78f9a99cd39a901cad0f9430c77,0xd9db956f1a00d56736024679e929d71bfb8e3ffc,1652636596
0x05112794aad9e2d02d436e6ea15679e89483ea76c0de641ef03caf6941fc4ca4,0x72fae93d08a060a7f0a8919708c0db74ca46cbb6,1652636596
0x38b3d660867e0cf67bc62ab4e688f82fd0b88a07d756d45681a75d954130c71b,0xaf6972ed4a9e332559d071fdf8145ac309fd482f,1652636564
0x7075f57788c5e4bd47430aca42215e7c800e682c85b1c5dbc47f717926a663a0,0x7de9d8b186aeb6616488122a297f4141dd57248c,1652636564
0x1baa175f2f7d4ac0952cfb080cc8114aa5bde5484f7221d96d006b123a9e5d69,0x989ad8e2aae99393585342ba94931f7de5e5a96f,1652636530
0x61e73254d7974f6d59a682f830ffaeeccc0c30a84c84836b2a9795c9a58cf035,0x9647a2d17abeac666c8ba0b227ab72dfd4bda22a,1652636482
0x514e06a948a14953bdaa1a32e81f129e451d9bf257ced0742977b9baa5620247,0x0910be15fc3574ade2072134e54bdcea1072423e,1652636402
0x0a64816cf7f0dd5d855c0c27dfc281babd885c9118dd1dc2f01c90e12b7fc3f5,0xc66b39e2b70ac5664f84c0651e180ab52844c846,1652636402
0x4b163938e8eda46171659103eec2691a47eb12f87a9c9d2f74ad824d6136ab3f,0x1a0b15f07911d65cea75aa30bd79d4cd16837b59,1652636356
0x8ae3c16bc790f72dd922a622edc1661eb1b88e7594361de227ec3781e7e8247b,0xd730cd62cda9cfdc109be2d819b0337fafdca959,1652636340
0x8216036506b309d95ff0a4d3da99507e1107c5e33d8731be07b20d991b3367d2,0xd9db956f1a00d56736024679e929d71bfb8e3ffc,1652636339
0xe6115b8750476d08a58a6a219a47d9cfd4dc23e7ce7c81e0e28d401f1f8e13e0,0x512da937f9a7628d5e4647c48b78e58a42547ddc,1652636308
0x3f3e51cc09c226a432d16e32e806c1d6af138fc6c5bf6ac7021ba12ac304d04e,0xaf6972ed4a9e332559d071fdf8145ac309fd482f,1652636262
0x8438ec30db6d5562846ef82c1f2dc6373d4b8e3b02118567f2f1a4564cc94440,0xd730cd62cda9cfdc109be2d819b0337fafdca959,1652636262
0xa7a9a5aa6876ae22d8565a682c4eebaa667bde8cccc884fc1c60fa6beaab8c42,0x989ad8e2aae99393585342ba94931f7de5e5a96f,1652636206
0xd16398553e89953a76249fcea2979047e056cc6309d0ee9ff3e4bc83525eb3ad,0x1a0b15f07911d65cea75aa30bd79d4cd16837b59,1652636059
0x5b1a01f07521be885fa91c60c85767aef29dc83cd40d3ac2001173445c32eb1f,0x4a7016c0b1edb6e3a28038b361cb59f1f0592d02,1652636051
0xe4ff394812b55b446da8f8bd7abcf087daa7bfd060f8a0aec8e6a961b0a5e9f5,0xd9db956f1a00d56736024679e929d71bfb8e3ffc,1652636020
0x2c4d128be49abd8e57063213fa3fc8d0c476c1bc8df8f116b9daaa58422a6eec,0xd730cd62cda9cfdc109be2d819b0337fafdca959,1652635966
0xf69ac9d2d2f6398e53f6e452d76e1c1f75424abba00a1dfb0deb17ed6870d436,0x4a7016c0b1edb6e3a28038b361cb59f1f0592d02,1652635958
0xd1f420a6acf6c21d56d0829259525adbc5b1f8d0f8fa2d892034d3a96e77b582,0xd9db956f1a00d56736024679e929d71bfb8e3ffc,1652635925
0x1d444eb239f36c19ea911c6813229c36227f5e995556d3bf981e8aa3d26b5975,0x4ee575c92e0e65b7edd88ede11118ec2526d0129,1652635905
0x410ea8e9ab8f9f27f3111c9f98edcab5aafc9da904792c8df165a1ab927e8a9f,0x1e2775c9cff1055ff611ce989e1eab383659a15e,1652635846
0x9b43d566d508250a18311f9bc78ca3fef5ef00e597c253e365b8cd6039392dfb,0xefe2752d8ec40869e535bcf9270b32707df821a8,1652635843
0xf5e0a7aebf12284a08f84695c3c8dd144eaa8ef733b49be826b11bdeec33a440,0xb6dbf648dcbb31f422a6780a67cd3b5425b3e68f,1652635843
0x5799e5663900f2a43d0cb3b6be7fead21ef9dda589232796a9ccb5a762dec039,0x4a7016c0b1edb6e3a28038b361cb59f1f0592d02,1652635835
0xc073814db37e5aa7d8bfc3767a05e82d6f05aa25ccefa9f3f4b13e715f9c31a2,0x53e213da8c28d85dc6663c3b5e35bb0ffbb05752,1652635815
0x044f6eb9890c7c4445dc77e8313025d51774ede1c67857ef36a359dd562ab5f9,0x4a7016c0b1edb6e3a28038b361cb59f1f0592d02,1652635766
0x9bed769f6ac6abfc06bf343c8fbaae804f3db5bab882f6a13b4f29aba2f72b6c,0x4a7016c0b1edb6e3a28038b361cb59f1f0592d02,1652635727
0xd0c83ea2ef5027d2be195edb600bdb6e015d65bf92ad2cdc9f0d632023812051,0x53e213da8c28d85dc6663c3b5e35bb0ffbb05752,1652635704
0xd61da17489d92597458a8adc66d1d7a84898fc8a87daafeb4f1665535f6d4a28,0x989ad8e2aae99393585342ba94931f7de5e5a96f,1652635679
0x49a6b0fd8848e74baed3540646aa370c16f38df8de7b3d2941d061da0e31670c,0x1e2775c9cff1055ff611ce989e1eab383659a15e,1652635638
0x916ef6218f9818cca9df576ddb1a3b4880edb8c61592c5b86d02409387a5f5fc,0xe5ba9f3240395d580cba14a6fb7dcc2448b303d8,1652635568
0x4801ee6105af48ba490defd565436d0026c5befef8b911cc080ff84281a6d773,0x0b688a65a06167ba27cd73d6848d54f5bd8facd4,1652635556
0xdebc873ffd510a928093be37097edb6c8174ec38408db5eb8c478b68d711c828,0xb37036f297a392e6b2b9035818cdf99c5666bb97,1652635429
0x52822e761f499aedb90966a7c00873fa28d500a32c73ca23a16a5a9a52173b53,0xd9db956f1a00d56736024679e929d71bfb8e3ffc,1652635383
0xffe4dcb57065c0c160828cf1af49aed077ab9867c057eab7ef243d4277611ef8,0x989ad8e2aae99393585342ba94931f7de5e5a96f,1652635344
0x67335b6eb56103a64e116181ba003b7872867b8599af8e950d5781532509c81e,0xe9accc971005a392938340192b8a43b63ce13a2c,1652635344
0x547f3b8922387033cc7f1db8e7b9ab98e05562fd3aefde205b8e21ee2a2c5fbb,0x0b688a65a06167ba27cd73d6848d54f5bd8facd4,1652635182
0xbfdcfb98399c5c8c0ca07e526671b8a76b29cc39fbcb22f78b9921b07abeeb39,0xb37036f297a392e6b2b9035818cdf99c5666bb97,1652635162
0x5421cb624edcb76aa6e6f45b739c69f88948f33e87859a487f92c9ec7c7d08c1,0xe9accc971005a392938340192b8a43b63ce13a2c,1652635059
0xb9b458aee21315f6bbfd4a7c5766deb17362e76465fb7fe8091a1502882d1233,0x6f18f4fd40088f2f732ae406b9602a44d0fb444d,1652635003
0x744da72b57168f7d1e3ea121af9a062976df44ff5794c2b29d5b268660a9033b,0xb4093fd7b67b0048e8a72fe60a63a80aac41d34f,1652634954
0x23d91aba4248e32b566546af9ddf453173c6928a2ffa5132b3f0ae935a93c64f,0x9b6cea9e33285fa9301d718d005c49485eb7c3d8,1652634836
0x1c1da79a6dfca82c594739db4c61ce3f4acf96f37a18ba0b0cd83c9140dcbcdb,0x9b6cea9e33285fa9301d718d005c49485eb7c3d8,1652634743
0xea5a4a255b8d6060539435c7567e34617aa25a98e2c8e89f1ebd6dadcde1795d,0x726681d18e18598fd6c37d24f18a4dfcb988251f,1652634711
0xaa9ab6976d85018e5557e17127f03c0149f459b4da5e3318138c05b99f0bd3ae,0x9b6cea9e33285fa9301d718d005c49485eb7c3d8,1652634711
0xd20644df2281bfc55000f7e6f7644c8ad7a710070b3ff07749bf533dadc13fe1,0xe9accc971005a392938340192b8a43b63ce13a2c,1652634711
0xe6c363f7aac2dda66c65204727c25bbbad6ab37bc6f861c7731c7170975bddcd,0xb4093fd7b67b0048e8a72fe60a63a80aac41d34f,1652634684
0x5f979314480b9e3db2924bb7c67b5a7614aea9fa3abd0202a5993444865f17d8,0x9b6cea9e33285fa9301d718d005c49485eb7c3d8,1652634663
0x4fa3243ddf819d20350a2ac6f92af7d232c9e90553f87e0fa2d4859848c1a5a9,0xe9accc971005a392938340192b8a43b63ce13a2c,1652634663
0x4910bbd8bc6aebbbee06cad8811d8ce0c91f25a82f80df3811d8d576ee483aff,0x9b6cea9e33285fa9301d718d005c49485eb7c3d8,1652634619
0xe123ec0152d9f60b9b322fe69317941ac5d376b1d54eda746fb344be418560f6,0xdc2462fb375bde1454017293eace4df1a58f57e0,1652634603
0xf10772405f2f3abc91f42ca78a4db5ca3325e33084a3fe84a0f5114e0e10ba0b,0x11fd748caa1d57b7399cbb3b36f9085e93f915ac,1652634546
0xd2854dd0e5cec22228db097f540fbecda3d792858445265ee606eaaff5093d8b,0x67143c968fc395f46f488c8ed0a5c9e4cf3491be,1652634508
0x63fd2a071e473756fbe9701951b64085fc2fed272548501fd7b4347264814d92,0x62b280c2f99924918cf72b3dcd6dd6141183cb7c,1652634498
0x7e98420ff656b32666647bb78c2ae5f488064c5cd7a362bbfcf40de8b1b3c7b2,0x293de39f74c5b0b34d706b74d4d75cd7f6d5b712,1652634469
0xccf94a167ea4787f7313fbefee8a39aef4b0403be4a22ecc91725b6d5663f0cd,0x62b280c2f99924918cf72b3dcd6dd6141183cb7c,1652634396
0x79c0d79677d0bba63e2bb01970923aa73923926e12bcccb033f155b60266b0a7,0xc4fa6a13528bcf203414e974f6cc84f0b6e089aa,1652634396
0x7e443cd574dcb85b5fb938dd16a0eddbd0c32b60bca2b3074a0629e6e7a5dddc,0x11fd748caa1d57b7399cbb3b36f9085e93f915ac,1652634396
0x3c9335a9dbc5b9f2e0d2cb6ac02719b613636862c120b0c267d513a7f6483dcd,0xe9accc971005a392938340192b8a43b63ce13a2c,1652634300
0xcc88d8709f0ca613e5973f715bb482d59c0b7c03e2ab5558fb1b26c94a3288c7,0xe9accc971005a392938340192b8a43b63ce13a2c,1652634231
0x44c4f64a7277e78dd01948bfaf6266bca83d4b99241516b0b24788e6c01c484d,0xddc1983ba701df5bdb4c48f5c55a00f42e8559f1,1652634165
0xd64deecf6cac9bdb6f2e45bbd4d872751204c83d1664451e807294dbbfc6c2d8,0xee63001c0b591bdf3ded155a48d74160ee5a7324,1652634056
0x0997fb380c14787d55fbb60aa82121ebc8413cd20cf76f102cc61b8ca1eca497,0xb452b105062feb2addf6fdaf6f137646f79b5568,1652633888
0xc02b75d58907e5a1908e847dd8d8f246075170e4146d1899f85b69cb2d3e9b46,0xd37dafee61af6e66de7dd973a0a39c21c7b650c3,1652633883
0x18626ad7587e60357a22c2f66f62953b122bf5080f7616697ec0f81d850ad6e7,0xb07ff18798d731413e8bfc56b19a17732253bd22,1652633583
0x2e80ffd1d142a343205640b5071e3034c8dceca0cc6639a82fc78f78df2b769f,0x11c0b9b8a49c55d78e09129caf28ad246aa02940,1652633500
0xcb2192310794befc0892837db5df9b9b2fa11668e2bd68c80b85593a3f4c0d85,0x8b6da5f382a40951aa5c0ddda8a08e60b02a0ba1,1652633480
0xad4e39a606cb6f516e7ae88bd4a6dd6d77714a155ca982f23b67c62bc304f8b1,0x70448fa6dd61fb3f94b806d5def4e5e8dbef7ada,1652633449
0xbce9feb34ee90572594314acafdcec7df7bd7fcf697709d5041ccff2994f91a9,0x161014cbb1b4492d7dd965bf5be6a4d0b9d859a4,1652633276
0xa952efc1ed94b5fdb6ecdf5f949c2517276a6ecbce5c8413f0dea407c2dc6572,0x8b6da5f382a40951aa5c0ddda8a08e60b02a0ba1,1652633220
0x57b7dd5131ef52b012d7740292f6777271095dcdcc4e1904f85a68ecb0b57c7b,0xe59cc5a12a4038edf9e7d4a453963074445fb4e6,1652633109
0x23119cb1b6ce396373cc7180d18d968b6042e79f5095ee061f61e1ddd9b6a04c,0x8da1e907b9f485ac25506da5c60676d56d55fd1e,1652633026
0x3d408943d36ab862cf879bfb921e4ed8f0bdb7a436515cc85fc3e15c74d1b81e,0xe59cc5a12a4038edf9e7d4a453963074445fb4e6,1652633012
0x05726bcfbbd19d3b58d2f0ddfa8928f15361f2cd980bfb9223f473fc782ccadd,0xf74bb54823e60604d7e961444a4bef4cecc67c97,1652632860
0xeda0e39b7cf1a2dece495771773426377720eade1543f15ed41f5b325d741dbe,0x61c117f959aabeb4ca8cc8bcfec0c04048a9c219,1652632723
0x664cd5484ffc2201c84fd28190001648274d3a328a352912998c531d415da552,0x61c117f959aabeb4ca8cc8bcfec0c04048a9c219,1652632623
0x9523a45dad37856496fc426d29714c3c7a520c34d374b10689889838a0081666,0xe59cc5a12a4038edf9e7d4a453963074445fb4e6,1652632425
0xf4ec605ad2ca632443d5908c3a856d64c887d8f92eb1cead9325cb0da3f120e4,0x24255de97fcdc93bc876f892e8ece4262b40bac2,1652632315
0x040e69bf57f32dccc14a03887d86fb3d41a6c91be60d11dee9699cb8920d56be,0xf6f6d531ed0f7fa18cae2c73b21aa853c765c4d8,1652632220
0x8af8090a2413b527992575e7bb06ea3635d1e4abbc336ea909eb3aab4b4da9bc,0x7137931f8e93928e835ec0946a8b78a8a8887900,1652632126
0xafc5a8957a26bafa9a4d9fd5634432f60cb242fab7e254dec5ddc758306b31f5,0xa8c553785217e1aef5eb275e0e70ac1c3468c690,1652632126
0xa59cefb1c8cd16ece711ae3515c60efa701820689f084afe9f094085141bcef7,0x24255de97fcdc93bc876f892e8ece4262b40bac2,1652632072
0x05d55093c7553c0d9c16cff2a73b3874706cc2f70209570b775f1fb14e43d24d,0xb394f1aa30ba874df3ae6097bf4c2474b2d8f3ac,1652632072
0xb76d4bc3a7adf27de8f74d4b5bc9bcffd708b9a379ed4fdd9043d29807f0fd32,0xa8c553785217e1aef5eb275e0e70ac1c3468c690,1652631886
0xb813618387af46a33652135b1ced3eaa123904a26176e2fb6c4398308c858f43,0xc063f9a3333a385b7d57d9b6d95a20dba0e5ec0c,1652631839
0xfe5f7aa47a298999173d1d07822d40c4adad1ed6d73e25f905ca055a083ab3ee,0x3a85875401cdc068e30d1efe360c3b7b5218a24e,1652631703
0x6896e42bbf0ab890116de801d5981eeec2be947229b39646ee9ae3bcccdb51c2,0x0d947d68f583e8b23ff816df9ff3f23a8cfd7496,1652631612
0x10084c3cff6dbdff8e460ae27b388edd6076dda8d046e73324b911d6f2f1134b,0xd7c0381f787a7d67c5ebbbd7f0fce26f4806e23e,1652631562
0xa66981da7096f52bd47408180bd7d64d0cfeae2c85ae1c22cd482e4c3719ec6a,0xb394f1aa30ba874df3ae6097bf4c2474b2d8f3ac,1652631392
0x256c123851cd1f43bed32d8fdf806f38a5e519f19b5df28e9fb8539424dfdfa5,0xa045baacc60b3808f85fe1f7bde7b0867b28bdbb,1652631324
0x7a80b9e939eb73e3898033ffecbad6685ac29701167e809eb8a558f80ca486a3,0xf93ed1027e490288e08f197c57f279175f139249,1652631232
0x6a6621801e60643b014662bcb0f2b8187ef9068ee20cc491d076e354a21e4f73,0xbbbe65bfe1346f39f893b5b701269d39a148a92f,1652631133
0xba70dc16f9b3c6370b14263420209dcd2f7862eb34961cce5850667db2719b41,0x4ef9f74db039959ffa54d28edd7096fca8760a8e,1652631117
0xe28925dba4555399e8d9e91499ffd6acd3fa8b3ae2732c45a6356b2b7b5170d2,0x8d9c6b0018bfec1de4d241dc3190f2aa105fbc8a,1652631095
0x4499d23dd40d19e8d38e7ee52e7d500099b7ea7082ffe44d4195218a3fe565e4,0x4ef9f74db039959ffa54d28edd7096fca8760a8e,1652631059
0xcb2a430acb3bc7e8194ecd4532f5ad5e6be5a665e9b6aecd8b923298152a72c8,0x6b68b7652a32aff234c17796afcea800d54e3428,1652630815
0x667c5323b80f4c121935c081ed6c3bd9e5b6f81557fbe4ad2ac28858cd1ed423,0x167e33cbf6e25b77f6fd89e6a9218bb8eba8205b,1652630796
0x719c7bb4f68b210f1462603afa845c76aa460ad57e23891975988eebd5301b0c,0x20f729b1af7edc01e689bf8bc99d83ff3e2cdc87,1652630739
0x1733c382b1df3388774add4efddc0a11ec00fd1bb1931b53e3dd66aa76bbfdbb,0xeb4431fe4300fda535d51c547e640d7635395759,1652630711
0x3b050514c4e8c59db3602baba7d4cc4145f360f04c3511d3f9794b6699468b27,0x42a49dcf7902c6b7938a00cdbe62a112a2b539e8,1652630623
0xe6074b74c54072265cdea6e30890b40989d978bb7d3459979b5453d5c3bbf28e,0xeb4431fe4300fda535d51c547e640d7635395759,1652630530
0xb7e207905f3828dacc4abecac408f0cbc7cbb401ad064176067fbe4c75378851,0xc134c1a24a054154a997152668291654ee98850b,1652630404
0x6c74c40fd054e3bd61c275d30fc6b71d92aab977fe500f9cc63366c4d80b2953,0x1c233e5a2ec7ccd89728ed82f6ae72f17c4afd34,1652630341
0xf8cc129b1c9c3c9e390fe0f3baf0053dfdb1cd2b2be60a4e8770c4ce238db1c2,0x13b68a745b3fa8ad6d8b87c31585854f4e1c9d3d,1652630191
0x29a8ea33bd1721f7acef97e91a81d776a17a143bf1e51e01333071f92fb0bb61,0x13b68a745b3fa8ad6d8b87c31585854f4e1c9d3d,1652630168
0x045c0ffd21eb55c84be14cbd2e2da75d69623de4e92cf6ea88eefbf05c271905,0xa994d0f88c51005d84a02f7740b912a6d1f1e0f1,1652630159
0x452a3f795b32d0eaa8808a98bfbd4c3a2f92ea6f1bd62ef0dc24bf918c2fabe7,0x159cabd5b1cb5c863e27cef8bb6b77fbc1f3f849,1652630149
0x0750ad932a896c45c636104a85408fabba45b65d08b967a179ce2f309e721246,0x8d9c6b0018bfec1de4d241dc3190f2aa105fbc8a,1652630125
0xd64a6dd5d1a400af198dd8220b6c2f21ecfcda05a164bc478865d77fb90f2b3d,0x13b68a745b3fa8ad6d8b87c31585854f4e1c9d3d,1652630026
0x662653b9414a396f10704cccde6973ebe01280a5b4e5f8e998e2c0f81b8f022f,0xf11c411a5027b4dbc3d4b2b41eabb9b70c2a6aa2,1652630026
0xa9e7c0c2c51ca117b87dc5ebd036b54de525f314581aa5ce13d8a758a1f67d41,0xa994d0f88c51005d84a02f7740b912a6d1f1e0f1,1652629954
0x4717bcd654b81cb257f5093b6c038fe2b1b813463badb51917815cecdfc466b1,0x68c29117831da8ca7c11aee1a5f4ac6376886121,1652629954
0x037b5ba07d8419ffb2aa7931e90405be2b8e48579b63da537d41cefd365069ec,0x041aa907b21e9db18ad933c40cace37bf3bd6d35,1652629867
0x92a1bda2a46034fe21d334d602f070a97eb2334be395965d40713b183ec171b1,0xec22f3d7b6ff424950120b6203c9958a8197dcb1,1652629833
0x299d5791b0e2d8a3014ce7480f04d8f44bc1d47422a15161c5feae999e13aa69,0x4ec6b6f9bcdda4432cc134779b62bf8770d925b2,1652629728
0x01d0ed7b294ec5034b87f358c7c2ac73cd41b5b96753bcee8465b0ed2cd8b00f,0xec22f3d7b6ff424950120b6203c9958a8197dcb1,1652629706
0xabff5ca63046da69cde24aab7608e77af21a7093381dc38048a5985c1ace6ea8,0x7f8a81c988a90f97d3a4b7024f5c9b0171143e59,1652629674
0xb4c49ad3f89c88af688b9cc97f29344b07e1c9eeea4b6b6e014b235c7b81da8f,0x86f92d7ec49067226ac342cc00e668cb0285ed38,1652629627
0x69f1703f8fbcbfe7bb6ccd7f748407f7547e951bb4d531fd1d1f5ecc5c1bb7e3,0xa22764dbe215869dd2ae344b19000a3fbfc26115,1652629627
0xc4feace7125412b24cd3008865654ce749114874e79069c86f4b5ab5cedd3812,0xa9df59dfc6355fe6a1120b496f031ac24f440c0c,1652629601
0xee0ed2d3a61be454963f31efa76117aa66cdacaca530f256178b283577427626,0xa7446875b53dd0ff85c32f00b7300a138fb44f73,1652629579
0x71198f07f45780a89d29428e4df54463e743e012ed7d190470567d1cb23bb840,0x5fa591aa667e21a929ff87413b7f92a33e05b8e7,1652629414
0x5fb3d3505acc53a941d44ffbb4fbd6874b1b89f7993998c43617af2c938c7e55,0xe5d009bbce5a5d7ab9c6c2b1b0a56f9b98297cff,1652629391
0xd7647a87fa814dc13ad99a4d6605d5f151c608b90a56b4b7ea878d360e161903,0x15b00c5f27298e0503c2aad79024f535c90a27b0,1652629367
0x5a4b091589f8c449b915f9d7b84d7448493b945d542b221fd5e772a9bfdee6cd,0x5fa591aa667e21a929ff87413b7f92a33e05b8e7,1652629344
0x8ff3b28a8a6e629a4264b32c95547d5cc82cf89352ddc4a9c9f1c87f8362d6aa,0xe5d009bbce5a5d7ab9c6c2b1b0a56f9b98297cff,1652629344
0x2bf9b6a69c346babc860cb34811d9dbce6ea8c51ced9d5b5954a56f94b938ebc,0x11c4947808da68a6f893d70d9997ce2ec74adaf2,1652629327
0x3abdf519a1a475c82d0420b01f0cc22c73333e9df0010a356fb132d53367f376,0xc6ddc3dab33cdef59dd52601d67bce5d7ac14525,1652629297
0x69d434f4826f1bcd8b226b080f4c1bdc435de831e68b32bb61d01cccb00dfedb,0xf74bb54823e60604d7e961444a4bef4cecc67c97,1652629167
0xc7d82e86b282c6ea62a4abafc93d9bedf0fe8169029d92e5bbe98e9dac77a47e,0xcf42db2f6b70b119974d2b192b06a94adb66760d,1652629146
0x50695abae76c7b850a293c573c0641c0a6f1f73411d6aca4aacca23c3d0bf7b7,0xe9e5d197b2dd08463161de2f8848674482501e67,1652629077
0x11559e8e0fce3660eece82d42749bcd10a6963cd3d4fd97bdf6cc0bbe85d2cbf,0x5476ba1cc9936ec20a4f8b7ba198593c871b8330,1652629077
0x826066506ffdce90b37250f9e1f0064643d2e5ea4fdc454a2f9d1bfc85aeb0f8,0x9647a2d17abeac666c8ba0b227ab72dfd4bda22a,1652629052
0x39dc1ae5ec6f4a1897799c32b2092782ddd7b8687780c9e5d0a7a68937df08f9,0x41e260e8f07615418968c5fc7d10e277cf7eab56,1652629023
0xd928134ce1a6db8fccf98333883beedd25e7801ff2ca04ea7f064dce5993c264,0x11c4947808da68a6f893d70d9997ce2ec74adaf2,1652628995
0x0451abf2963e673d9acd586eb547237efc26e32dd3727875d10f311cbd00bf86,0x8c6439fc4b3b0265d52d3b05620bf3e00726ed99,1652628972
0x89f47a5d867804e1a8411e8d3a9ffd0c0c10c0fd7082bafe3e555a8e19bad73c,0xe1b8884110b1ed28e380ffbe5bd16d315ae9712b,1652628972
0x3a319b13b05ff8476c4881750fef6545380c7fe3ffd101ecc3af6926489d67c3,0xe7a8a504a82f0a829656261a54d0443f85e19604,1652628908
0x6538ea99a3b8d62df5021e01b0c6eb43f374227d09315de183501191fb2f9c0e,0xe9e5d197b2dd08463161de2f8848674482501e67,1652628904
0xb24df4a374753f3966599ab6d1b7108e00d41404b354025d6a4cb4ff6bd1bb80,0x4d3d05a62276e9736b387a9b94fa7bbae5ca20c3,1652628864
0x655cdf48d06e7db19ab20037fc38001a225b4163e8ecf0be2fa2845be37325b4,0x4d3d05a62276e9736b387a9b94fa7bbae5ca20c3,1652628834
0x6c0aad5a477c7d2cd79f4ef7e00e4a50128eac51f481f562bf4ec8871ed0f3aa,0x8d9c6b0018bfec1de4d241dc3190f2aa105fbc8a,1652628782
0xd9947e1c16dff9e99d7fe59c1b8e75dde533edfdc13769d5e563ba3a9f5b043b,0xe7a8a504a82f0a829656261a54d0443f85e19604,1652628782
0xd44238fcb4c3174bbb096a96710a7c6999f94f0b25ac07d5b5e610bd3026f5f6,0xf11c411a5027b4dbc3d4b2b41eabb9b70c2a6aa2,1652628782
0xfd57614948b3681868b7b3d8171a12f5b2f38cfa4fb6d59984ca08e07aa7b32f,0x751ba8658e6f8b47c156ba23632bc92d51a35014,1652628747
0x2c3fa13507823fbf3bf75fcf3f5999ff3d4583753f1f553ba5cbdc75f9b1719e,0x07bd7fc53a1d9a14fd9b8c447b8e4811257a9f68,1652628726
0x5706cb763791a66845e8f724e48acc1706f8b70a8a2d47cd6595da20904b67b0,0x5476ba1cc9936ec20a4f8b7ba198593c871b8330,1652628622
0x2a0139e231db396986cc624eca046845cf6d65afc0ce3892c09c5c1cb39711e6,0xf74bb54823e60604d7e961444a4bef4cecc67c97,1652628594
0xfcf8dfb0bc66caa702ef805607ad37a5899c52cfe57b06618c69d44b7f69dc5b,0x569b26c06493d4f2342a73c50ac6eb1bf41ce128,1652628594
0x3f9ddc0d8a917ed72b711d3ba3f10bf4e25cbe29c719a08d2a401742a6c41dd8,0x8d9c6b0018bfec1de4d241dc3190f2aa105fbc8a,1652628563
0xb5257fc92fd2d261f3e50e60f6059dc620de8073c1558d7e6475c1b3c0554ada,0xf93ed1027e490288e08f197c57f279175f139249,1652628533
0x76427d08b87ce18a8612a5066cf227a56d3a0fcb9895c723a0072985edd4f388,0x5531751809aa698bdeb975fa6c7e3dc53e6b612b,1652628521
0x46f7d23b085d49d11be77b417a2f71e2e9842f1b16ebd6289e72194b5cd3ba5a,0x512da937f9a7628d5e4647c48b78e58a42547ddc,1652628467
0x04fb2c0fd7ccd5a3fb026929c578f4420c8647b534ea8d7b75adb0a7425f3833,0xe9e5d197b2dd08463161de2f8848674482501e67,1652628441
0x5d1e737a1adc75cd028bc97af81952d2dcaa2c1f292cef5fe37708389874c421,0xc6ddc3dab33cdef59dd52601d67bce5d7ac14525,1652628389
0x193b4dc1adfda02e636092849965f4fc53d4446796ae4fd6a709871a5745c57d,0x30c35950f2a8b8b76338bcd0b4d6fe67c98d2439,1652628002
0xa177989de89c6e448f41cc7f3b9497ef9b733fab192ee1878d0d7e4be11b6715,0x5531751809aa698bdeb975fa6c7e3dc53e6b612b,1652628002
0x61cb4bdf83e462961988d075e4247ad50c10b6471d6a8d504f9c1f07b9072354,0xe9e5d197b2dd08463161de2f8848674482501e67,1652627978
0x5f0bbc17730f25b74a7aac5a65dfe000f8ecfa87c2f6a26c8104c49bcba477ad,0x8c6439fc4b3b0265d52d3b05620bf3e00726ed99,1652627948
0x6e2741f503125e88a6bc172954a2e01a08d16bcb1b8994f71f667494fa80d154,0x30c35950f2a8b8b76338bcd0b4d6fe67c98d2439,1652627937
0x974da4740628e05c0ba661f8631df7dfdb4017a64f0050596bdf89ba403458f1,0xc836b2da326940386b137e4be454c0c4637fc214,1652627925
0x1f426a67585ed0af69a657876e6532147e3699be02874932ef4f8d947f5a59e0,0x6effe28baac5156fe6d3e8bc18872a8419ce0fa5,1652627729
0xd1c94cb4e4cf448100e4fe2476668136db3b6d121b2616750ee9a8d123a3d812,0xe47e1ac440a31a8c77c825cf30d9a91f6352bc84,1652627646
0xd56da4027449671e91aeb61c90a36bf41455fec2930bc19fe81080b0167fced2,0x9b6140ed3791912761842ad2661cd16d4483b49c,1652627646
0xe21dae19948d3cdbe9db5d9f0a496f3020e71584eb769e7c55ba2af7954a3bf6,0xe9e5d197b2dd08463161de2f8848674482501e67,1652627646
0x4f2f702728d0ce479a35edd051bc812d581186e97f4d6d7f2f24d870ce5389a5,0xe09568554ba1820af4cf5dbacbc4db1575167452,1652627604
0x826e20c82ba4855204ffdc4b690ddb14666ef8435c7226b08dea7e3d65c562cf,0xdecf569f96cdc9932ccc28095f245faf93c2e8ea,1652627566
0x3ea0f67ab1a6a3cab30cce67b771d7f4db577a9bb1263391eac00c9e51bcca86,0xe09568554ba1820af4cf5dbacbc4db1575167452,1652627448
0xbdebb543080a54a80bae761cb1c2b1cc231693b877967d0297e2e3f46267aaa9,0xe2d128323cf7560a6e7a82726d7b425aedc7a556,1652627419
0x5bd3385203ba6c6f55be211962191e4759dae234cc9e48b2a5d49c624987a444,0x98b4793b19c59aa7387684bcdc013ae7f4033eda,1652627363
0x40a6f4ff9a0e89f01e3a81c2710a0dc039cc7fbb815afff134f7b79bc577d10f,0x5531751809aa698bdeb975fa6c7e3dc53e6b612b,1652627218
0xd162f40d71889c10c868affb5891cd86a53584721aadbce00ec0b01589ba737a,0xa1175a219dac539f2291377f77afd786d20e5882,1652627035
0x30c657d7bc1c5fc90385568f4901d56a3a3eb1e11bbb5fa9f6fb4deb8774ff2f,0xd0129cc1b742633331580344e668cfa4c576c39e,1652627035
0x7d7e23c1ed4c096adbbf61bbe9bb58e6de7784aba6d2c5f8b9adbd1dda7980f9,0xffda127b8f7264473e81fc2db06b1fa9f2760ef9,1652627035
0x80c6c36a9be88816d97b3ca5ddd04fbb1c7e28ae503329954e30cb6fade99c07,0xdecf569f96cdc9932ccc28095f245faf93c2e8ea,1652626827
0xd51422147ad1a08986d98f64b051923de991795cdec4602ec501788e9380acf1,0x512da937f9a7628d5e4647c48b78e58a42547ddc,1652626814
0x38557d13bed9cb76bda446492dbbd8af1ffdef7ffc865831c8e14903a398071e,0xa2e7002e0ffc42e4228292d67c13a81fdd191870,1652626772
0xb96fa38da42d73fef9862cda8c00b9ccdff4c7c2b71c6b50c8554b6ef73f646a,0x9cac8f2dbb9cca25156e156512d3bde6dde53ea9,1652626740
0x95e3d2cc032acc37edc1e9315597fd115f5fcae39dd50fadeddedbf95784d8e6,0x0a1e5846faf979f66728048cb8ebe9e4623ca783,1652626699
0x191b2e446330a85b6758cf6dc13aecc3e8d6612818ec3c3bca0de28362868540,0xc836b2da326940386b137e4be454c0c4637fc214,1652626645
0xc6735c0453f1cfd8142735ddbb25306084472fed5ef1ead60be83915e6db3753,0x07bd7fc53a1d9a14fd9b8c447b8e4811257a9f68,1652626504
0x5bd088b524a628f414de7bd185a0ae46a31217b688eca577bc556fbba287eddb,0x8d9c6b0018bfec1de4d241dc3190f2aa105fbc8a,1652626461
0x720a04472a00dae1a8180024310e753b36abba8398ab6f5f1135fa5e7d2c1823,0x4a4b9a1553dadb071fe6a53bfe909ec08cb6ce35,1652626355
0x0304ee8344cd8d571139fc0e464aa93cb5379436a5139604f52399e574b581ae,0x726681d18e18598fd6c37d24f18a4dfcb988251f,1652626349
0x46d96aee8f9ac5f90742616caf894c128a9b98ad222913c6f63069617e42efd2,0x354f0ca523f4d5b9007e1038195fe50a73c923da,1652626277
0x1cae4edb5be4613c7a0e54c331b36e19d508dbe7e91cd52bd977da7f2df3d770,0xe5d009bbce5a5d7ab9c6c2b1b0a56f9b98297cff,1652626220
0x23b3386b561ea69ae0f560679309449ea455996f36202d3122cc1dfd404ecb6b,0x6ae83411df70df648cc52121854c185ac5875970,1652626220
0x62bf68f4215f3245df892b99a2ec94d5c26f405f9823dcd52e30edc700a14ba9,0x5531751809aa698bdeb975fa6c7e3dc53e6b612b,1652626121
0xac456df141160bb799a0f556b156dff328aca9112be3fdc16757cbd83726f954,0x6ae83411df70df648cc52121854c185ac5875970,1652626121
0x509a47ab3135efc512e27843685fa0ebd5ea00c3ebdeef5dabba34eac8a019ae,0xe5d009bbce5a5d7ab9c6c2b1b0a56f9b98297cff,1652626121
0x3939fa6f91fe1659e75ef79b2b5ca7d2e3626c2e56f0b0190fbf21c99dbd2378,0x6ae83411df70df648cc52121854c185ac5875970,1652626105
0x630c770d19a71502a45a24466e0bdeca0a060ba2475fccf77fdb2384e8c35b9e,0xe5d009bbce5a5d7ab9c6c2b1b0a56f9b98297cff,1652626068
0x5447b984e469571ff5dbfab747f39899c975ea485992170cd7580597e642b77c,0xc063f9a3333a385b7d57d9b6d95a20dba0e5ec0c,1652626068
0xf5f65dbdfe5338660d37e38ccf567bce51966cb836e8223b71e79e657c0c631c,0xa3cd66f12e6a7bcd897591953e5c6fcf608a4c00,1652626035
0x666af393b4092b694f6d0b8b06d63d974acefd861e43e269bc6bac0f315c8f49,0xe686f2edb488e57003ed5dbc5f24674268ad56e6,1652626008
0x054d166a855d43b6f36028cd9d2c7e3ae1e4db7b9261f65bc4768460e8f5668d,0xae38425f1f091ac485fcaf402312cdc6d120f973,1652626008
0xd0e26e12cf1a9bda78d042f09bf97da39bbaaccb790127656af5ae4b38495f5c,0x6ae83411df70df648cc52121854c185ac5875970,1652625966
0xee345bc9b1e5e82f09bffb41cec0cf276ad63a20ab27ef988e266765827af199,0x6ae83411df70df648cc52121854c185ac5875970,1652625910
0x4aa08e0d9c0324cbcc98fada6c98e2bf3fd3f290216f1c03e4d593cff14ebcd7,0x6ae83411df70df648cc52121854c185ac5875970,1652625852
0xe1413ffb682945f3b7f485d159abcd2c6e6925a8e6575e6b3979a973ce9b0b37,0x98b4793b19c59aa7387684bcdc013ae7f4033eda,1652625843
0x918c65e8ef0436cdc0088402bd8fbe87b219240172819c9f389f2eb492157afe,0x6ae83411df70df648cc52121854c185ac5875970,1652625808
0x34df4096525abe4b32d51ddeed45ece2018525dee43b1fdc20da0c22e32c042b,0x16b9967fa64d4064dfef0883b678d1566cc56c40,1652625800
